<?xml version="1.0" encoding="UTF-8"?>
<beans xmlns="http://www.springframework.org/schema/beans"
	xmlns:xsi="http://www.w3.org/2001/XMLSchema-instance"
	xmlns:context="http://www.springframework.org/schema/context"
	xsi:schemaLocation="http://www.springframework.org/schema/beans http://www.springframework.org/schema/beans/spring-beans.xsd
		http://www.springframework.org/schema/context https://www.springframework.org/schema/context/spring-context-4.3.xsd">
<context:annotation-config></context:annotation-config>

	<bean id="visitor" class="com.sj.currency.Visitor"></bean>
	<bean id="currency1" class="com.sj.currency.eurosToRupees"></bean>
	<bean id="currency2" class="com.sj.currency.dollarstoRupees"></bean>

</beans>
