<?xml version="1.0" encoding="UTF-8"?>
<beans xmlns="http://www.springframework.org/schema/beans"
	xmlns:xsi="http://www.w3.org/2001/XMLSchema-instance"
	xsi:schemaLocation="http://www.springframework.org/schema/beans http://www.springframework.org/schema/beans/spring-beans.xsd">
	<bean id="hellobean" class="com.helloworld.Helloworld" scope="singleton">
		<property name="msg" value="hello spring"></property>
	</bean>
	<bean id="construcbean" class="com.helloworld.Helloconstrc">
		<constructor-arg value="Hello i'm in Helloconstrc class"></constructor-arg>
	</bean>
</beans>
